세부용도명,법정동명지번,Latitude,Longitude
한의원,전라북도 전주시 덕진구 진북동292-7,35.8279615,127.1414719
중학교,전라북도 전주시 덕진구 진북동301-19,35.8280581,127.138342
도서관,전라북도 전주시 덕진구 진북동301-70,35.8291331,127.1378158
도서관,전라북도 전주시 덕진구 진북동301-70,35.8291331,127.1378158
병원,전라북도 전주시 덕진구 진북동321-7,35.8294028,127.1432615
한의원,전라북도 전주시 덕진구 진북동324-5,35.8319093,127.1448959
한의원,전라북도 전주시 덕진구 진북동325-1,35.8321143,127.1445816
노인복지시설,전라북도 전주시 덕진구 진북동339-4,35.832076,127.1423695
기타노유자시설,전라북도 전주시 덕진구 진북동339-6,35.8318687,127.1426119
요양병원,전라북도 전주시 덕진구 진북동359-6,35.8292381,127.14127
어린이집,전라북도 전주시 덕진구 진북동363-3,35.830282,127.1406699
초등학교,전라북도 전주시 덕진구 진북동382-1,35.8301251,127.1375173
초등학교,전라북도 전주시 덕진구 진북동382-1,35.8301251,127.1375173
초등학교,전라북도 전주시 덕진구 진북동382-1,35.8301251,127.1375173
도서관,전라북도 전주시 덕진구 진북동382-1,35.8301251,127.1375173
교육(연수)원,전라북도 전주시 덕진구 진북동774-8,35.8339618,127.1262525
기타노유자시설,전라북도 전주시 덕진구 진북동834-31,35.8296515,127.1308187
노인복지시설,전라북도 전주시 덕진구 진북동929,35.8205394,127.1339635
노인복지시설,전라북도 전주시 덕진구 진북동975-15,35.8239591,127.131101
노인복지시설,전라북도 전주시 덕진구 진북동992-55,35.8253175,127.1296242
병원,전라북도 전주시 덕진구 진북동1021-2,35.8287754,127.1348192
노인복지시설,전라북도 전주시 덕진구 진북동1031-5,35.827886,127.1327094
유치원,전라북도 전주시 덕진구 진북동1034-1,35.8266105,127.1334449
초등학교,전라북도 전주시 덕진구 진북동1046-1,35.8260289,127.1320346
초등학교,전라북도 전주시 덕진구 진북동1046-1,35.8260289,127.1320346
초등학교,전라북도 전주시 덕진구 진북동1046-1,35.8260289,127.1320346
초등학교,전라북도 전주시 덕진구 진북동1046-1,35.8260289,127.1320346
초등학교,전라북도 전주시 덕진구 진북동1046-1,35.8260289,127.1320346
초등학교,전라북도 전주시 덕진구 진북동1046-1,35.8260289,127.1320346
노인복지시설,전라북도 전주시 덕진구 진북동1124-125,35.8212182,127.1338488
도서관,전라북도 전주시 덕진구 진북동1144-2,35.831481,127.1314185
고등학교,전라북도 전주시 덕진구 진북동1144-9,35.8318513,127.1312806
위험물저장및처리시설,전라북도 전주시 덕진구 진북동1152-4,35.8285635,127.1300613
노인복지시설,전라북도 전주시 덕진구 진북동1164-2,35.8332378,127.1292012
기타아동관련시설,전라북도 전주시 덕진구 인후동1가15,35.8222632,127.1679706
유치원,전라북도 전주시 덕진구 인후동1가15,35.8222632,127.1679706
고등학교,전라북도 전주시 덕진구 인후동1가109-2,35.8284995,127.1687677
고등학교,전라북도 전주시 덕진구 인후동1가109-2,35.8284995,127.1687677
고등학교,전라북도 전주시 덕진구 인후동1가109-2,35.8284995,127.1687677
고등학교,전라북도 전주시 덕진구 인후동1가109-2,35.8284995,127.1687677
고등학교,전라북도 전주시 덕진구 인후동1가109-2,35.8284995,127.1687677
고등학교,전라북도 전주시 덕진구 인후동1가109-2,35.8284995,127.1687677
고등학교,전라북도 전주시 덕진구 인후동1가109-2,35.8284995,127.1687677
중학교,전라북도 전주시 덕진구 인후동1가117,35.8294565,127.1657517
중학교,전라북도 전주시 덕진구 인후동1가117,35.8294565,127.1657517
중학교,전라북도 전주시 덕진구 인후동1가117,35.8294565,127.1657517
중학교,전라북도 전주시 덕진구 인후동1가117,35.8294565,127.1657517
노인복지시설,전라북도 전주시 덕진구 인후동1가157-114,35.8298088,127.1546492
공장,전라북도 전주시 덕진구 인후동1가411-4,35.8357097,127.1612134
초등학교,전라북도 전주시 덕진구 인후동1가431-3,35.8346915,127.1597066
초등학교,전라북도 전주시 덕진구 인후동1가431-3,35.8346915,127.1597066
초등학교,전라북도 전주시 덕진구 인후동1가431-3,35.8346915,127.1597066
초등학교,전라북도 전주시 덕진구 인후동1가431-3,35.8346915,127.1597066
기타학교,전라북도 전주시 덕진구 인후동1가500-37,35.8393054,127.1592097
고등학교,전라북도 전주시 덕진구 인후동1가500-37,35.8393054,127.1592097
고등학교,전라북도 전주시 덕진구 인후동1가500-37,35.8393054,127.1592097
기타학교,전라북도 전주시 덕진구 인후동1가500-37,35.8393054,127.1592097
고등학교,전라북도 전주시 덕진구 인후동1가500-37,35.8393054,127.1592097
고등학교,전라북도 전주시 덕진구 인후동1가500-37,35.8393054,127.1592097
고등학교,전라북도 전주시 덕진구 인후동1가500-37,35.8393054,127.1592097
요양병원,전라북도 전주시 덕진구 인후동1가500-77,35.8377737,127.1587587
한의원,전라북도 전주시 덕진구 인후동1가500-81,35.837377,127.1583622
도서관,전라북도 전주시 덕진구 인후동1가532-3,35.8395351,127.1634489
초등학교,전라북도 전주시 덕진구 인후동1가575-1,35.8393045,127.1522694
초등학교,전라북도 전주시 덕진구 인후동1가575-1,35.8393045,127.1522694
초등학교,전라북도 전주시 덕진구 인후동1가575-1,35.8393045,127.1522694
초등학교,전라북도 전주시 덕진구 인후동1가575-1,35.8393045,127.1522694
어린이집,전라북도 전주시 덕진구 인후동1가575-3,35.837895,127.1526762
한방병원,전라북도 전주시 덕진구 인후동1가594-7,35.8356239,127.1500239
노인복지시설,전라북도 전주시 덕진구 인후동1가705-83,35.8299402,127.1496308
초등학교,전라북도 전주시 덕진구 인후동1가750-1,35.8421911,127.1556956
초등학교,전라북도 전주시 덕진구 인후동1가750-1,35.8421911,127.1556956
초등학교,전라북도 전주시 덕진구 인후동1가750-1,35.8421911,127.1556956
초등학교,전라북도 전주시 덕진구 인후동1가750-1,35.8421911,127.1556956
영유아보육시설,전라북도 전주시 덕진구 인후동1가753-1,35.8416204,127.1568197
영유아보육시설,전라북도 전주시 덕진구 인후동1가753-1,35.8416204,127.1568197
유치원,전라북도 전주시 덕진구 인후동1가760-1,35.8404507,127.1572339
노인복지시설,전라북도 전주시 덕진구 인후동1가763-5,35.8385055,127.1576009
유치원,전라북도 전주시 덕진구 인후동1가764-9,35.8387747,127.1567867
기타아동관련시설,전라북도 전주시 덕진구 인후동1가772-11,35.8360131,127.153709
기타아동관련시설,전라북도 전주시 덕진구 인후동1가777-2,35.834147,127.1544184
위험물저장소,전라북도 전주시 덕진구 인후동1가778-2,35.8343127,127.1551648
노인복지시설,전라북도 전주시 덕진구 인후동1가820-10,35.8329849,127.1591225
병원,전라북도 전주시 덕진구 인후동1가822-4,35.8320989,127.1592492
지역아동센터,전라북도 전주시 덕진구 인후동1가843-18,35.8311055,127.1619414
초등학교,전라북도 전주시 덕진구 인후동1가844,35.8318716,127.1625875
초등학교,전라북도 전주시 덕진구 인후동1가844,35.8318716,127.1625875
유치원,전라북도 전주시 덕진구 인후동1가850-11,35.8348431,127.1667202
기숙사,전라북도 전주시 덕진구 인후동1가853-3,35.8336662,127.1640241
유치원,전라북도 전주시 덕진구 인후동1가858-2,35.8320656,127.1658528
유치원,전라북도 전주시 덕진구 인후동1가874-3,35.8296051,127.1624929
기타아동관련시설,전라북도 전주시 덕진구 인후동1가876-8,35.8299167,127.1632444
유치원,전라북도 전주시 덕진구 인후동1가884-10,35.8290045,127.163617
어린이집,전라북도 전주시 덕진구 인후동1가884-11,35.8292299,127.163494
요양병원,전라북도 전주시 덕진구 인후동1가887-1,35.8280844,127.1619455
유치원,전라북도 전주시 덕진구 인후동1가890-5,35.8298956,127.1648628
기타아동관련시설,전라북도 전주시 덕진구 인후동1가895-9,35.8281982,127.1640516
어린이집,전라북도 전주시 덕진구 인후동1가900-3,35.8271544,127.1628783
어린이집,전라북도 전주시 덕진구 인후동1가900-14,35.8275217,127.1625624
어린이집,전라북도 전주시 덕진구 인후동1가901-3,35.8273654,127.163663
유치원,전라북도 전주시 덕진구 인후동1가902-2,35.82778,127.1639331
영유아보육시설,전라북도 전주시 덕진구 인후동1가903-4,35.8276921,127.1645107
기타아동관련시설,전라북도 전주시 덕진구 인후동1가905-6,35.8253371,127.1619434
유치원,전라북도 전주시 덕진구 인후동1가905-7,35.8251692,127.1620326
기숙사,전라북도 전주시 덕진구 인후동1가906-4,35.8253307,127.1624448
도서관,전라북도 전주시 덕진구 인후동1가907-1,35.8261922,127.1626815
위험물저장및처리시설,전라북도 전주시 덕진구 인후동1가910-7,35.8264952,127.1638636
노인복지시설,전라북도 전주시 덕진구 인후동1가914-2,35.8258253,127.1638385
초등학교,전라북도 전주시 덕진구 인후동1가917,35.8269357,127.1649923
영유아보육시설,전라북도 전주시 덕진구 인후동1가931-6,35.8252822,127.1659614
유치원,전라북도 전주시 덕진구 인후동1가943-7,35.8241282,127.1670923
기숙사,전라북도 전주시 덕진구 인후동1가951-9,35.8251207,127.1676309
노유자시설,전라북도 전주시 덕진구 인후동1가953-11,35.8236134,127.1677108
위험물저장및처리시설,전라북도 전주시 덕진구 인후동2가4-173,35.8415245,127.1515251
고등학교,전라북도 전주시 덕진구 인후동2가24,35.8387135,127.147982
고등학교,전라북도 전주시 덕진구 인후동2가24,35.8387135,127.147982
고등학교,전라북도 전주시 덕진구 인후동2가24,35.8387135,127.147982
고등학교,전라북도 전주시 덕진구 인후동2가24,35.8387135,127.147982
고등학교,전라북도 전주시 덕진구 인후동2가24,35.8387135,127.147982
고등학교,전라북도 전주시 덕진구 인후동2가24,35.8387135,127.147982
고등학교,전라북도 전주시 덕진구 인후동2가24,35.8387135,127.147982
중학교,전라북도 전주시 덕진구 인후동2가43489,35.8428341,127.1484577
중학교,전라북도 전주시 덕진구 인후동2가43489,35.8428341,127.1484577
중학교,전라북도 전주시 덕진구 인후동2가43489,35.8428341,127.1484577
중학교,전라북도 전주시 덕진구 인후동2가43489,35.8428341,127.1484577
중학교,전라북도 전주시 덕진구 인후동2가43489,35.8428341,127.1484577
중학교,전라북도 전주시 덕진구 인후동2가43489,35.8428341,127.1484577
중학교,전라북도 전주시 덕진구 인후동2가43489,35.8428341,127.1484577
중학교,전라북도 전주시 덕진구 인후동2가43489,35.8428341,127.1484577
중학교,전라북도 전주시 덕진구 인후동2가43489,35.8428341,127.1484577
중학교,전라북도 전주시 덕진구 인후동2가43489,35.8428341,127.1484577
중학교,전라북도 전주시 덕진구 인후동2가43489,35.8428341,127.1484577
고등학교,전라북도 전주시 덕진구 인후동2가12785,35.8428341,127.1484577
고등학교,전라북도 전주시 덕진구 인후동2가12785,35.8428341,127.1484577
고등학교,전라북도 전주시 덕진구 인후동2가12785,35.8428341,127.1484577
고등학교,전라북도 전주시 덕진구 인후동2가12785,35.8428341,127.1484577
고등학교,전라북도 전주시 덕진구 인후동2가12785,35.8428341,127.1484577
고등학교,전라북도 전주시 덕진구 인후동2가12785,35.8428341,127.1484577
고등학교,전라북도 전주시 덕진구 인후동2가12785,35.8428341,127.1484577
고등학교,전라북도 전주시 덕진구 인후동2가12785,35.8428341,127.1484577
초등학교,전라북도 전주시 덕진구 인후동2가39-13,35.8393814,127.1448157
초등학교,전라북도 전주시 덕진구 인후동2가39-13,35.8393814,127.1448157
초등학교,전라북도 전주시 덕진구 인후동2가39-13,35.8393814,127.1448157
초등학교,전라북도 전주시 덕진구 인후동2가39-13,35.8393814,127.1448157
중학교,전라북도 전주시 덕진구 인후동2가39-16,35.8383053,127.1452047
중학교,전라북도 전주시 덕진구 인후동2가39-16,35.8383053,127.1452047
중학교,전라북도 전주시 덕진구 인후동2가39-16,35.8383053,127.1452047
중학교,전라북도 전주시 덕진구 인후동2가39-16,35.8383053,127.1452047
노인복지시설,전라북도 전주시 덕진구 인후동2가63-270,35.8414877,127.1493725
대학교,전라북도 전주시 덕진구 인후동2가71-35,35.8476542,127.1435092
의료시설,전라북도 전주시 덕진구 인후동2가228-16,35.8347411,127.1480643
영유아보육시설,전라북도 전주시 덕진구 인후동2가1524-29,35.8404699,127.1455379
유치원,전라북도 전주시 덕진구 인후동2가1525-7,35.8402594,127.1462276
병원,전라북도 전주시 덕진구 인후동2가1529-8,35.8440251,127.1459846
한의원,전라북도 전주시 덕진구 인후동2가1530-14,35.8449391,127.1453516
초등학교,전라북도 전주시 덕진구 인후동2가1536,35.8436243,127.1474158
초등학교,전라북도 전주시 덕진구 인후동2가1536,35.8436243,127.1474158
초등학교,전라북도 전주시 덕진구 인후동2가1536,35.8436243,127.1474158
영유아보육시설,전라북도 전주시 덕진구 인후동2가1543-19,35.8413712,127.1466706
노인복지시설,전라북도 전주시 덕진구 인후동2가1556-1,35.8448602,127.1496011
어린이집,전라북도 전주시 덕진구 인후동2가1559-74,35.8476141,127.1497942
노인복지시설,전라북도 전주시 덕진구 인후동2가1559-75,35.8476717,127.1499043
대학교,전라북도 전주시 덕진구 인후동2가43515,35.8428341,127.1484577
대학교,전라북도 전주시 덕진구 덕진동1가664-14,35.844182,127.1292776
대학교,전라북도 전주시 덕진구 덕진동1가664-14,35.844182,127.1292776
대학교,전라북도 전주시 덕진구 덕진동1가664-14,35.844182,127.1292776
대학교,전라북도 전주시 덕진구 덕진동1가664-14,35.844182,127.1292776
대학교,전라북도 전주시 덕진구 덕진동1가664-14,35.844182,127.1292776
대학교,전라북도 전주시 덕진구 덕진동1가664-14,35.844182,127.1292776
대학교,전라북도 전주시 덕진구 덕진동1가664-14,35.844182,127.1292776
대학교,전라북도 전주시 덕진구 덕진동1가664-14,35.844182,127.1292776
대학교,전라북도 전주시 덕진구 덕진동1가664-14,35.844182,127.1292776
대학교,전라북도 전주시 덕진구 덕진동1가664-14,35.844182,127.1292776
대학교,전라북도 전주시 덕진구 덕진동1가664-14,35.844182,127.1292776
대학교,전라북도 전주시 덕진구 덕진동1가664-14,35.844182,127.1292776
대학교,전라북도 전주시 덕진구 덕진동1가664-14,35.844182,127.1292776
대학교,전라북도 전주시 덕진구 덕진동1가664-14,35.844182,127.1292776
대학교,전라북도 전주시 덕진구 덕진동1가664-14,35.844182,127.1292776
대학교,전라북도 전주시 덕진구 덕진동1가664-14,35.844182,127.1292776
대학교,전라북도 전주시 덕진구 덕진동1가664-14,35.844182,127.1292776
대학교,전라북도 전주시 덕진구 덕진동1가664-14,35.844182,127.1292776
대학교,전라북도 전주시 덕진구 덕진동1가664-14,35.844182,127.1292776
대학교,전라북도 전주시 덕진구 덕진동1가664-14,35.844182,127.1292776
대학교,전라북도 전주시 덕진구 덕진동1가664-14,35.844182,127.1292776
대학교,전라북도 전주시 덕진구 덕진동1가664-14,35.844182,127.1292776
대학교,전라북도 전주시 덕진구 덕진동1가664-14,35.844182,127.1292776
대학교,전라북도 전주시 덕진구 덕진동1가664-14,35.844182,127.1292776
대학교,전라북도 전주시 덕진구 덕진동1가664-14,35.844182,127.1292776
대학교,전라북도 전주시 덕진구 덕진동1가664-14,35.844182,127.1292776
대학교,전라북도 전주시 덕진구 덕진동1가664-14,35.844182,127.1292776
대학교,전라북도 전주시 덕진구 덕진동1가664-14,35.844182,127.1292776
대학교,전라북도 전주시 덕진구 덕진동1가664-14,35.844182,127.1292776
대학교,전라북도 전주시 덕진구 덕진동1가664-14,35.844182,127.1292776
대학교,전라북도 전주시 덕진구 덕진동1가664-14,35.844182,127.1292776
대학교,전라북도 전주시 덕진구 덕진동1가664-14,35.844182,127.1292776
대학교,전라북도 전주시 덕진구 덕진동1가664-14,35.844182,127.1292776
대학교,전라북도 전주시 덕진구 덕진동1가664-14,35.844182,127.1292776
대학교,전라북도 전주시 덕진구 덕진동1가664-14,35.844182,127.1292776
대학교,전라북도 전주시 덕진구 덕진동1가664-14,35.844182,127.1292776
대학교,전라북도 전주시 덕진구 덕진동1가664-14,35.844182,127.1292776
대학교,전라북도 전주시 덕진구 덕진동1가664-14,35.844182,127.1292776
병원,전라북도 전주시 덕진구 덕진동1가1119-1,35.8360119,127.1275715
사회복지시설,전라북도 전주시 덕진구 덕진동1가1120-18,35.8349652,127.1264186
기타의료시설,전라북도 전주시 덕진구 덕진동1가1174-8,35.8358721,127.1234732
중학교,전라북도 전주시 덕진구 덕진동1가1200,35.8379114,127.1233003
중학교,전라북도 전주시 덕진구 덕진동1가1200,35.8379114,127.1233003
중학교,전라북도 전주시 덕진구 덕진동1가1200,35.8379114,127.1233003
중학교,전라북도 전주시 덕진구 덕진동1가1200,35.8379114,127.1233003
병원,전라북도 전주시 덕진구 덕진동1가1265-41,35.8413377,127.1275774
한의원,전라북도 전주시 덕진구 덕진동1가1266-20,35.8424249,127.1264884
초등학교,전라북도 전주시 덕진구 덕진동1가1272-2,35.8415348,127.1244393
초등학교,전라북도 전주시 덕진구 덕진동1가1272-2,35.8415348,127.1244393
산부인과병원,전라북도 전주시 덕진구 덕진동1가1275-10,35.8427233,127.1243963
기타아동관련시설,전라북도 전주시 덕진구 덕진동1가1280-12,35.8451416,127.1229218
대학교,전라북도 전주시 덕진구 덕진동1가1316-16,35.8493941,127.1265282
대학교,전라북도 전주시 덕진구 덕진동1가1327-37,35.8509478,127.1266352
대학교,전라북도 전주시 덕진구 덕진동1가1327-37,35.8509478,127.1266352
대학교,전라북도 전주시 덕진구 덕진동1가1327-37,35.8509478,127.1266352
대학교,전라북도 전주시 덕진구 덕진동1가1327-37,35.8509478,127.1266352
대학교,전라북도 전주시 덕진구 덕진동1가1327-37,35.8509478,127.1266352
기타아동관련시설,전라북도 전주시 덕진구 덕진동1가1375-8,35.8434545,127.121457
노인복지시설,전라북도 전주시 덕진구 덕진동1가1378-12,35.8425401,127.1212679
사회복지시설,전라북도 전주시 덕진구 덕진동1가1404-21,35.8416232,127.1224735
영유아보육시설,전라북도 전주시 덕진구 덕진동1가1432-3,35.8398071,127.120998
석유판매소,전라북도 전주시 덕진구 덕진동2가69,35.8493388,127.1152746
고압가스충전저장소,전라북도 전주시 덕진구 덕진동2가84-14,35.8500881,127.1134906
초등학교,전라북도 전주시 덕진구 덕진동2가36161,35.8451734,127.1129222
초등학교,전라북도 전주시 덕진구 덕진동2가36161,35.8451734,127.1129222
노인복지시설,전라북도 전주시 덕진구 덕진동2가110-4,35.8479227,127.1129379
노인복지시설,전라북도 전주시 덕진구 덕진동2가133-49,35.8474222,127.11449
한방병원,전라북도 전주시 덕진구 덕진동2가142-1,35.8470079,127.1162381
기타학교,전라북도 전주시 덕진구 덕진동2가167-291,35.8510406,127.1160373
기타학교,전라북도 전주시 덕진구 덕진동2가167-291,35.8510406,127.1160373
기타학교,전라북도 전주시 덕진구 덕진동2가167-291,35.8510406,127.1160373
병원,전라북도 전주시 덕진구 덕진동2가168-2,35.8509053,127.1195825
노유자시설,전라북도 전주시 덕진구 덕진동2가171,35.8501707,127.1200656
교육(연수)원,전라북도 전주시 덕진구 덕진동2가184-1,35.8490094,127.11964
중학교,전라북도 전주시 덕진구 덕진동2가234-1,35.8442343,127.1173061
중학교,전라북도 전주시 덕진구 덕진동2가234-1,35.8442343,127.1173061
중학교,전라북도 전주시 덕진구 덕진동2가234-1,35.8442343,127.1173061
중학교,전라북도 전주시 덕진구 덕진동2가234-1,35.8442343,127.1173061
중학교,전라북도 전주시 덕진구 덕진동2가234-1,35.8442343,127.1173061
중학교,전라북도 전주시 덕진구 덕진동2가234-1,35.8442343,127.1173061
영유아보육시설,전라북도 전주시 덕진구 덕진동2가323,35.8463766,127.115695
노인복지시설,전라북도 전주시 덕진구 덕진동2가444-2,35.8402681,127.114419
중학교,전라북도 전주시 덕진구 덕진동2가613,35.8479425,127.1113458
중학교,전라북도 전주시 덕진구 덕진동2가613,35.8479425,127.1113458
유치원,전라북도 전주시 덕진구 덕진동2가616-1,35.8484292,127.1107403
기타위험물저장처리시설,전라북도 전주시 덕진구 덕진동2가646-2,35.8444787,127.1064739
지역아동센터,전라북도 전주시 덕진구 금암동456-17,35.8326823,127.1352738
아동복지시설,전라북도 전주시 덕진구 금암동457-21,35.833831,127.1348374
병원,전라북도 전주시 덕진구 금암동459-14,35.8338661,127.1333251
초등학교,전라북도 전주시 덕진구 금암동522-1,35.8377291,127.1367111
초등학교,전라북도 전주시 덕진구 금암동522-1,35.8377291,127.1367111
초등학교,전라북도 전주시 덕진구 금암동522-1,35.8377291,127.1367111
노인복지시설,전라북도 전주시 덕진구 금암동535-7,35.838521,127.1357926
교육(연수)원,전라북도 전주시 덕진구 금암동545-60,35.8370253,127.1350993
노인복지시설,전라북도 전주시 덕진구 금암동610-2,35.8396379,127.1349437
노인복지시설,전라북도 전주시 덕진구 금암동620-17,35.8401196,127.1356148
기타의료시설,전라북도 전주시 덕진구 금암동634-18,35.8471872,127.1405894
대학교,전라북도 전주시 덕진구 금암동634-18,35.8471872,127.1405894
종합병원,전라북도 전주시 덕진구 금암동634-18,35.8471872,127.1405894
기타의료시설,전라북도 전주시 덕진구 금암동634-18,35.8471872,127.1405894
기타의료시설,전라북도 전주시 덕진구 금암동634-18,35.8471872,127.1405894
기타의료시설,전라북도 전주시 덕진구 금암동634-18,35.8471872,127.1405894
종합병원,전라북도 전주시 덕진구 금암동634-18,35.8471872,127.1405894
대학교,전라북도 전주시 덕진구 금암동663,35.8461131,127.1363424
대학교,전라북도 전주시 덕진구 금암동663,35.8461131,127.1363424
대학교,전라북도 전주시 덕진구 금암동663,35.8461131,127.1363424
대학교,전라북도 전주시 덕진구 금암동663,35.8461131,127.1363424
대학교,전라북도 전주시 덕진구 금암동663,35.8461131,127.1363424
대학교,전라북도 전주시 덕진구 금암동663,35.8461131,127.1363424
대학교,전라북도 전주시 덕진구 금암동663,35.8461131,127.1363424
대학교,전라북도 전주시 덕진구 금암동663,35.8461131,127.1363424
대학교,전라북도 전주시 덕진구 금암동663,35.8461131,127.1363424
대학교,전라북도 전주시 덕진구 금암동663,35.8461131,127.1363424
대학교,전라북도 전주시 덕진구 금암동663,35.8461131,127.1363424
대학교,전라북도 전주시 덕진구 금암동663,35.8461131,127.1363424
대학교,전라북도 전주시 덕진구 금암동663,35.8461131,127.1363424
대학교,전라북도 전주시 덕진구 금암동663,35.8461131,127.1363424
어린이집,전라북도 전주시 덕진구 금암동663,35.8461131,127.1363424
대학교,전라북도 전주시 덕진구 금암동663,35.8461131,127.1363424
노인복지시설,전라북도 전주시 덕진구 금암동664-55,35.8419661,127.129718
병원,전라북도 전주시 덕진구 금암동728-38,35.84144,127.1336113
도서관,전라북도 전주시 덕진구 금암동752-6,35.8376687,127.1302165
병원,전라북도 전주시 덕진구 금암동1546-9,35.8433699,127.1385407
한방병원,전라북도 전주시 덕진구 금암동1547-18,35.8425275,127.1376974
한방병원,전라북도 전주시 덕진구 금암동1547-18,35.8425275,127.1376974
요양병원,전라북도 전주시 덕진구 금암동1554-2,35.8412211,127.1386491
영유아보육시설,전라북도 전주시 덕진구 금암동1561-16,35.8398674,127.1387811
기타아동관련시설,전라북도 전주시 덕진구 금암동1561-18,35.8398583,127.1388941
도서관,전라북도 전주시 덕진구 금암동1569-1,35.836314,127.1400957
유치원,전라북도 전주시 덕진구 금암동1573-11,35.8380065,127.1417157
어린이집,전라북도 전주시 덕진구 금암동1574-5,35.8388605,127.1425488
노인복지시설,전라북도 전주시 덕진구 금암동1575-7,35.8386676,127.1416554
고압가스충전저장소,전라북도 전주시 덕진구 금암동1582-1,35.8411733,127.1411624
기타위험물저장처리시설,전라북도 전주시 덕진구 금암동1587-15,35.8424401,127.1403473
기숙사,전라북도 전주시 덕진구 금암동1587-74,35.8410241,127.139208
노유자시설,전라북도 전주시 덕진구 금암동1600-6,35.842594,127.1441038
공장,전라북도 전주시 덕진구 금암동1600-8,35.8424855,127.1443009
대학교,전라북도 전주시 덕진구 금암동43483,35.8410418,127.1362788
대학교,전라북도 전주시 덕진구 금암동43483,35.8410418,127.1362788
대학교,전라북도 전주시 덕진구 금암동43483,35.8410418,127.1362788
대학교,전라북도 전주시 덕진구 금암동43483,35.8410418,127.1362788
대학교,전라북도 전주시 덕진구 금암동43483,35.8410418,127.1362788
대학교,전라북도 전주시 덕진구 금암동43483,35.8410418,127.1362788
고등학교,전라북도 전주시 덕진구 금암동43483,35.8410418,127.1362788
고등학교,전라북도 전주시 덕진구 금암동43483,35.8410418,127.1362788
고등학교,전라북도 전주시 덕진구 금암동43483,35.8410418,127.1362788
대학교,전라북도 전주시 덕진구 금암동43483,35.8410418,127.1362788
대학교,전라북도 전주시 덕진구 금암동43483,35.8410418,127.1362788
대학교,전라북도 전주시 덕진구 금암동43483,35.8410418,127.1362788
기타위험물저장처리시설,전라북도 전주시 덕진구 팔복동1가43668,35.8566111,127.1053125
기타위험물저장처리시설,전라북도 전주시 덕진구 팔복동1가43668,35.8566111,127.1053125
기타위험물저장처리시설,전라북도 전주시 덕진구 팔복동1가43668,35.8566111,127.1053125
노인복지시설,전라북도 전주시 덕진구 팔복동1가34,35.8559675,127.1127841
기타노유자시설,전라북도 전주시 덕진구 팔복동1가38,35.855719,127.1122067
기타노유자시설,전라북도 전주시 덕진구 팔복동1가38,35.855719,127.1122067
영유아보육시설,전라북도 전주시 덕진구 팔복동1가38,35.855719,127.1122067
기타위험물저장처리시설,전라북도 전주시 덕진구 팔복동1가20486,35.8566111,127.1053125
기타위험물저장처리시설,전라북도 전주시 덕진구 팔복동1가20486,35.8566111,127.1053125
기타위험물저장처리시설,전라북도 전주시 덕진구 팔복동1가20486,35.8566111,127.1053125
위험물저장및처리시설,전라북도 전주시 덕진구 팔복동1가93,35.8519607,127.1115002
기타위험물저장처리시설,전라북도 전주시 덕진구 팔복동1가140-6,35.8545934,127.1043366
공장,전라북도 전주시 덕진구 팔복동1가154-1,35.8578241,127.1063285
근로복지시설,전라북도 전주시 덕진구 팔복동1가186-1,35.8560854,127.1091093
공장,전라북도 전주시 덕진구 팔복동1가188-18,35.8551189,127.1093105
공장,전라북도 전주시 덕진구 팔복동1가188-18,35.8551189,127.1093105
공장,전라북도 전주시 덕진구 팔복동1가218-1,35.8589558,127.1074983
공장,전라북도 전주시 덕진구 팔복동1가269-11,35.8583408,127.1044295
노인복지시설,전라북도 전주시 덕진구 팔복동1가273-9,35.8550423,127.1044577
기타위험물저장처리시설,전라북도 전주시 덕진구 팔복동1가280-6,35.8572183,127.1047366
액화석유가스충전소,전라북도 전주시 덕진구 팔복동1가282-2,35.8583201,127.1052734
액화석유가스충전소,전라북도 전주시 덕진구 팔복동1가305-7,35.8548146,127.1036598
액화석유가스충전소,전라북도 전주시 덕진구 팔복동1가305-7,35.8548146,127.1036598
액화석유가스충전소,전라북도 전주시 덕진구 팔복동1가305-7,35.8548146,127.1036598
기숙사,전라북도 전주시 덕진구 팔복동1가356-6,35.8619008,127.0991102
어린이집,전라북도 전주시 덕진구 팔복동1가383-11,35.8599979,127.0943874
액화석유가스충전소,전라북도 전주시 덕진구 팔복동2가43739,35.8554553,127.095419
액화석유가스충전소,전라북도 전주시 덕진구 팔복동2가43739,35.8554553,127.095419
공장,전라북도 전주시 덕진구 팔복동2가20-19,35.8522852,127.1093123
공장,전라북도 전주시 덕진구 팔복동2가43646,35.8554553,127.095419
노인복지시설,전라북도 전주시 덕진구 팔복동2가144-11,35.8486318,127.1037914
공장,전라북도 전주시 덕진구 팔복동2가166-4,35.8507518,127.1026118
공장,전라북도 전주시 덕진구 팔복동2가166-4,35.8507518,127.1026118
공장,전라북도 전주시 덕진구 팔복동2가166-4,35.8507518,127.1026118
공장,전라북도 전주시 덕진구 팔복동2가166-4,35.8507518,127.1026118
기숙사,전라북도 전주시 덕진구 팔복동2가180-5,35.8496348,127.1008819
영유아보육시설,전라북도 전주시 덕진구 팔복동2가220,35.8513805,127.1009895
노인복지시설,전라북도 전주시 덕진구 팔복동2가225-7,35.8512903,127.1012097
유해공장,전라북도 전주시 덕진구 팔복동2가290-4,35.8537383,127.1027951
공장,전라북도 전주시 덕진구 팔복동2가339,35.8545507,127.0970644
위험물저장및처리시설,전라북도 전주시 덕진구 팔복동2가339,35.8545507,127.0970644
공장,전라북도 전주시 덕진구 팔복동2가417-10,35.8501385,127.095104
공장,전라북도 전주시 덕진구 팔복동2가441-1,35.8534342,127.0934911
위험물저장소,전라북도 전주시 덕진구 팔복동2가448-4,35.8543684,127.0930853
노인복지시설,전라북도 전주시 덕진구 팔복동2가488-1,35.8571631,127.0903055
기타노유자시설,전라북도 전주시 덕진구 팔복동2가496-17,35.8553607,127.0929599
위험물저장소,전라북도 전주시 덕진구 팔복동2가515-17,35.8570925,127.094085
아동복지시설,전라북도 전주시 덕진구 팔복동2가601-1,35.8602159,127.0905552
기타위험물저장처리시설,전라북도 전주시 덕진구 팔복동3가25,35.8454241,127.1025965
기타위험물저장처리시설,전라북도 전주시 덕진구 팔복동3가25,35.8454241,127.1025965
기타위험물저장처리시설,전라북도 전주시 덕진구 팔복동3가25,35.8454241,127.1025965
기타위험물저장처리시설,전라북도 전주시 덕진구 팔복동3가22433,35.8442937,127.0957541
기타위험물저장처리시설,전라북도 전주시 덕진구 팔복동3가22433,35.8442937,127.0957541
기타위험물저장처리시설,전라북도 전주시 덕진구 팔복동3가22433,35.8442937,127.0957541
기타위험물저장처리시설,전라북도 전주시 덕진구 팔복동3가27273,35.8442937,127.0957541
기타위험물저장처리시설,전라북도 전주시 덕진구 팔복동3가27273,35.8442937,127.0957541
기타위험물저장처리시설,전라북도 전주시 덕진구 팔복동3가36220,35.8442937,127.0957541
기타위험물저장처리시설,전라북도 전주시 덕진구 팔복동3가363-17,35.8468856,127.0881701
기타위험물저장처리시설,전라북도 전주시 덕진구 팔복동3가363-17,35.8468856,127.0881701
기타위험물저장처리시설,전라북도 전주시 덕진구 팔복동3가363-17,35.8468856,127.0881701
공장,전라북도 전주시 덕진구 팔복동3가466-3,35.852325,127.0842685
기타위험물저장처리시설,전라북도 전주시 덕진구 팔복동3가466-10,35.8523202,127.0843427
기타위험물저장처리시설,전라북도 전주시 덕진구 팔복동3가470-3,35.8535051,127.0852546
석유판매소,전라북도 전주시 덕진구 팔복동3가470-3,35.8535051,127.0852546
공장,전라북도 전주시 덕진구 팔복동3가825,35.8515733,127.0835498
유해공장,전라북도 전주시 덕진구 팔복동3가829,35.8521697,127.0823362
유해공장,전라북도 전주시 덕진구 팔복동3가829,35.8521697,127.0823362
유해공장,전라북도 전주시 덕진구 팔복동3가829,35.8521697,127.0823362
유해공장,전라북도 전주시 덕진구 팔복동3가829,35.8521697,127.0823362
유해공장,전라북도 전주시 덕진구 팔복동3가829,35.8521697,127.0823362
유해공장,전라북도 전주시 덕진구 팔복동3가829,35.8521697,127.0823362
유해공장,전라북도 전주시 덕진구 팔복동3가829,35.8521697,127.0823362
유해공장,전라북도 전주시 덕진구 팔복동3가829,35.8521697,127.0823362
유해공장,전라북도 전주시 덕진구 팔복동3가829,35.8521697,127.0823362
유해공장,전라북도 전주시 덕진구 팔복동3가829,35.8521697,127.0823362
노인복지시설,전라북도 전주시 덕진구 산정동290-2,35.8429121,127.1721364
액화석유가스충전소,전라북도 전주시 덕진구 산정동319-33,35.8422486,127.1752626
액화석유가스충전소,전라북도 전주시 덕진구 산정동319-33,35.8422486,127.1752626
액화석유가스충전소,전라북도 전주시 덕진구 산정동319-33,35.8422486,127.1752626
노인복지시설,전라북도 전주시 덕진구 산정동420-6,35.830914,127.1763484
어린이집,전라북도 전주시 덕진구 산정동767,35.842432,127.1719222
병원,전라북도 전주시 덕진구 산정동852-1,35.8399667,127.1671913
한방병원,전라북도 전주시 덕진구 산정동857-2,35.8392589,127.1681894
노인복지시설,전라북도 전주시 덕진구 금상동13971,35.839148,127.1925031
노인복지시설,전라북도 전주시 덕진구 금상동221-3,35.8547544,127.1940208
기타노유자시설,전라북도 전주시 덕진구 금상동282-3,35.8513886,127.1997773
액화가스판매소,전라북도 전주시 덕진구 금상동526-7,35.8542152,127.1933143
노인복지시설,전라북도 전주시 덕진구 금상동535-1,35.8534334,127.1905844
노인복지시설,전라북도 전주시 덕진구 금상동744-3,35.8451003,127.1859743
노인복지시설,전라북도 전주시 덕진구 금상동888-1,35.839203,127.1857002
보건소,전라북도 전주시 덕진구 금상동1295-4,35.8397635,127.1852761
초등학교,전라북도 전주시 덕진구 우아동1가883-19,35.828032,127.17536
노유자시설,전라북도 전주시 덕진구 우아동1가916-14,35.8277448,127.1742252
노인복지시설,전라북도 전주시 덕진구 우아동1가916-14,35.8277448,127.1742252
노유자시설,전라북도 전주시 덕진구 우아동1가916-14,35.8277448,127.1742252
어린이집,전라북도 전주시 덕진구 우아동1가1101-4,35.825633,127.1722472
사회복지시설,전라북도 전주시 덕진구 우아동1가1101-8,35.825334,127.1717645
영유아보육시설,전라북도 전주시 덕진구 우아동1가1103-7,35.8246778,127.1709689
노인복지시설,전라북도 전주시 덕진구 우아동2가558-1,35.834073,127.1680908
노유자시설,전라북도 전주시 덕진구 우아동2가561-4,35.8343115,127.1679123
한의원,전라북도 전주시 덕진구 우아동2가563,35.8346715,127.167706
병원,전라북도 전주시 덕진구 우아동2가808-7,35.8384685,127.1663824
기타아동관련시설,전라북도 전주시 덕진구 우아동2가855-2,35.8377862,127.166643
노인복지시설,전라북도 전주시 덕진구 우아동2가873-1,35.8342553,127.1693053
중학교,전라북도 전주시 덕진구 우아동2가888-1,35.8323676,127.1702913
어린이집,전라북도 전주시 덕진구 우아동2가895-5,35.8323557,127.1718354
기타노유자시설,전라북도 전주시 덕진구 우아동2가898-9,35.8327538,127.1724511
영유아보육시설,전라북도 전주시 덕진구 우아동2가910-3,35.8289314,127.1705008
위험물저장소,전라북도 전주시 덕진구 우아동3가254-22,35.8477771,127.1645491
기타위험물저장처리시설,전라북도 전주시 덕진구 우아동3가282,35.8453139,127.1641764
노인복지시설,전라북도 전주시 덕진구 우아동3가368-3,35.8424152,127.1657156
기타위험물저장처리시설,전라북도 전주시 덕진구 우아동3가375-1,35.8435723,127.1658242
유치원,전라북도 전주시 덕진구 우아동3가473-2,35.8460582,127.158596
어린이집,전라북도 전주시 덕진구 우아동3가473-6,35.8456315,127.1586636
위험물제조소,전라북도 전주시 덕진구 우아동3가552,35.8524273,127.1603333
어린이집,전라북도 전주시 덕진구 우아동3가602-72,35.854127,127.1527426
종합병원,전라북도 전주시 덕진구 우아동3가734-21,35.8464607,127.1534009
종합병원,전라북도 전주시 덕진구 우아동3가734-21,35.8464607,127.1534009
종합병원,전라북도 전주시 덕진구 우아동3가734-21,35.8464607,127.1534009
종합병원,전라북도 전주시 덕진구 우아동3가734-21,35.8464607,127.1534009
중학교,전라북도 전주시 덕진구 우아동3가743-10,35.8546131,127.1565006
초등학교,전라북도 전주시 덕진구 우아동3가743-149,35.8517913,127.1563943
노인복지시설,전라북도 전주시 덕진구 우아동3가744-139,35.8508605,127.1586183
사회복지시설,전라북도 전주시 덕진구 우아동3가746-58,35.8500598,127.1597228
노인복지시설,전라북도 전주시 덕진구 우아동3가748-75,35.8460731,127.1544213
기타위험물저장처리시설,전라북도 전주시 덕진구 우아동3가749-52,35.8443294,127.1548483
유치원,전라북도 전주시 덕진구 우아동3가750-50,35.8454609,127.1558093
의료시설,전라북도 전주시 덕진구 우아동3가752-4,35.8481301,127.1581744
병원,전라북도 전주시 덕진구 우아동3가752-5,35.8481876,127.1584052
병원,전라북도 전주시 덕진구 우아동3가752-46,35.848305,127.1587051
노인복지시설,전라북도 전주시 덕진구 우아동3가756-5,35.8429704,127.1551273
중학교,전라북도 전주시 덕진구 호성동1가210-5,35.8642084,127.1571452
액화석유가스충전소,전라북도 전주시 덕진구 호성동1가347-22,35.8661963,127.159661
위험물저장및처리시설,전라북도 전주시 덕진구 호성동1가362-14,35.8712677,127.1584757
위험물저장및처리시설,전라북도 전주시 덕진구 호성동1가362-14,35.8712677,127.1584757
액화가스판매소,전라북도 전주시 덕진구 호성동1가412-1,35.8707801,127.1566792
액화석유가스충전소,전라북도 전주시 덕진구 호성동1가428,35.8731144,127.1573089
액화석유가스충전소,전라북도 전주시 덕진구 호성동1가428,35.8731144,127.1573089
액화석유가스충전소,전라북도 전주시 덕진구 호성동1가428,35.8731144,127.1573089
영유아보육시설,전라북도 전주시 덕진구 호성동1가456,35.8712701,127.1543242
기타노유자시설,전라북도 전주시 덕진구 호성동1가488-1,35.8691614,127.1536047
액화석유가스충전소,전라북도 전주시 덕진구 호성동1가587-4,35.8622781,127.1517989
액화석유가스충전소,전라북도 전주시 덕진구 호성동1가587-4,35.8622781,127.1517989
액화석유가스충전소,전라북도 전주시 덕진구 호성동1가587-4,35.8622781,127.1517989
위험물저장및처리시설,전라북도 전주시 덕진구 호성동1가636-8,35.8631111,127.1554129
기타노유자시설,전라북도 전주시 덕진구 호성동1가665,35.8603501,127.1603815
대학교,전라북도 전주시 덕진구 호성동1가681-15,35.8582266,127.158443
대학교,전라북도 전주시 덕진구 호성동1가681-15,35.8582266,127.158443
노유자시설,전라북도 전주시 덕진구 호성동1가686-1,35.8603581,127.1595986
영유아보육시설,전라북도 전주시 덕진구 호성동1가718,35.8554163,127.1520403
초등학교,전라북도 전주시 덕진구 호성동1가736,35.8566213,127.1511373
초등학교,전라북도 전주시 덕진구 호성동1가736,35.8566213,127.1511373
초등학교,전라북도 전주시 덕진구 호성동1가736,35.8566213,127.1511373
유치원,전라북도 전주시 덕진구 호성동1가819,35.8595749,127.1511401
유치원,전라북도 전주시 덕진구 호성동1가819,35.8595749,127.1511401
위험물저장및처리시설,전라북도 전주시 덕진구 호성동2가476-5,35.8742859,127.143763
유치원,전라북도 전주시 덕진구 호성동2가482-3,35.87369,127.1466564
기타위험물저장처리시설,전라북도 전주시 덕진구 호성동2가593-4,35.8717724,127.1486193
액화석유가스충전소,전라북도 전주시 덕진구 호성동2가642-1,35.8675998,127.1448758
액화석유가스충전소,전라북도 전주시 덕진구 호성동2가642-1,35.8675998,127.1448758
액화석유가스충전소,전라북도 전주시 덕진구 호성동2가642-1,35.8675998,127.1448758
위험물저장및처리시설,전라북도 전주시 덕진구 호성동2가642-1,35.8675998,127.1448758
어린이집,전라북도 전주시 덕진구 호성동2가676-1,35.8721375,127.1435569
어린이집,전라북도 전주시 덕진구 호성동2가694-2,35.8724964,127.1425653
노인복지시설,전라북도 전주시 덕진구 호성동2가731-1,35.8736917,127.1436111
노인복지시설,전라북도 전주시 덕진구 호성동2가793-1,35.8796406,127.1427729
노유자시설,전라북도 전주시 덕진구 호성동2가793-1,35.8796406,127.1427729
노인복지시설,전라북도 전주시 덕진구 호성동3가490-2,35.8942571,127.1388825
노인복지시설,전라북도 전주시 덕진구 호성동3가745-11,35.8978985,127.1311543
노인복지시설,전라북도 전주시 덕진구 전미동1가785-1,35.8960131,127.1179391
노인복지시설,전라북도 전주시 덕진구 전미동1가856-1,35.8981926,127.1226349
노인복지시설,전라북도 전주시 덕진구 전미동1가856-1,35.8981926,127.1226349
위험물저장및처리시설,전라북도 전주시 덕진구 전미동1가1096-17,35.8921051,127.1281827
기타위험물저장처리시설,전라북도 전주시 덕진구 전미동2가28976,35.8870214,127.1042307
초등학교,전라북도 전주시 덕진구 전미동2가305-2,35.8840721,127.1096565
액화가스판매소,전라북도 전주시 덕진구 전미동2가437-45,35.8803931,127.1184778
노인복지시설,전라북도 전주시 덕진구 전미동2가546-2,35.8814442,127.1049735
노인복지시설,전라북도 전주시 덕진구 전미동2가752-1,35.8839397,127.1057916
노인복지시설,전라북도 전주시 덕진구 전미동2가799,35.8877401,127.103568
노인복지시설,전라북도 전주시 덕진구 전미동2가843-7,35.8902163,127.104939
노인복지시설,전라북도 전주시 덕진구 전미동2가1277-2,35.8892982,127.0947639
영유아보육시설,전라북도 전주시 덕진구 송천동1가43807,35.860772,127.1287357
노인복지시설,전라북도 전주시 덕진구 송천동1가24,35.8643014,127.1349714
노인복지시설,전라북도 전주시 덕진구 송천동1가24,35.8643014,127.1349714
초등학교,전라북도 전주시 덕진구 송천동1가107-1,35.8633129,127.1244312
초등학교,전라북도 전주시 덕진구 송천동1가107-1,35.8633129,127.1244312
초등학교,전라북도 전주시 덕진구 송천동1가107-1,35.8633129,127.1244312
기타아동관련시설,전라북도 전주시 덕진구 송천동1가107-29,35.8630947,127.1256549
유치원,전라북도 전주시 덕진구 송천동1가107-83,35.8637698,127.1282584
유치원,전라북도 전주시 덕진구 송천동1가107-85,35.8636307,127.1281027
어린이집,전라북도 전주시 덕진구 송천동1가107-86,35.8634906,127.1280422
어린이집,전라북도 전주시 덕진구 송천동1가107-144,35.8631724,127.1286635
유치원,전라북도 전주시 덕진구 송천동1가107-161,35.8635262,127.12538
고등학교,전라북도 전주시 덕진구 송천동1가111-3,35.8627626,127.1230034
고등학교,전라북도 전주시 덕진구 송천동1가111-3,35.8627626,127.1230034
고등학교,전라북도 전주시 덕진구 송천동1가111-3,35.8627626,127.1230034
고등학교,전라북도 전주시 덕진구 송천동1가111-3,35.8627626,127.1230034
한의원,전라북도 전주시 덕진구 송천동1가113-27,35.8611851,127.1226045
한방병원,전라북도 전주시 덕진구 송천동1가116,35.861598,127.1264497
어린이집,전라북도 전주시 덕진구 송천동1가128-6,35.8590143,127.1258802
중학교,전라북도 전주시 덕진구 송천동1가128-10,35.8592,127.124389
중학교,전라북도 전주시 덕진구 송천동1가128-10,35.8592,127.124389
중학교,전라북도 전주시 덕진구 송천동1가128-10,35.8592,127.124389
중학교,전라북도 전주시 덕진구 송천동1가128-10,35.8592,127.124389
중학교,전라북도 전주시 덕진구 송천동1가128-10,35.8592,127.124389
중학교,전라북도 전주시 덕진구 송천동1가128-10,35.8592,127.124389
중학교,전라북도 전주시 덕진구 송천동1가128-10,35.8592,127.124389
고등학교,전라북도 전주시 덕진구 송천동1가137-25,35.8604169,127.1247786
고등학교,전라북도 전주시 덕진구 송천동1가137-25,35.8604169,127.1247786
고등학교,전라북도 전주시 덕진구 송천동1가137-25,35.8604169,127.1247786
고등학교,전라북도 전주시 덕진구 송천동1가137-25,35.8604169,127.1247786
고등학교,전라북도 전주시 덕진구 송천동1가137-25,35.8604169,127.1247786
고등학교,전라북도 전주시 덕진구 송천동1가137-25,35.8604169,127.1247786
고등학교,전라북도 전주시 덕진구 송천동1가137-25,35.8604169,127.1247786
고등학교,전라북도 전주시 덕진구 송천동1가137-25,35.8604169,127.1247786
영유아보육시설,전라북도 전주시 덕진구 송천동1가137-50,35.8597747,127.1258276
유치원,전라북도 전주시 덕진구 송천동1가252-2,35.8524637,127.1217961
영유아보육시설,전라북도 전주시 덕진구 송천동1가265-48,35.8520317,127.1213879
기타학교,전라북도 전주시 덕진구 송천동1가283-1,35.8535934,127.1202525
기타학교,전라북도 전주시 덕진구 송천동1가283-1,35.8535934,127.1202525
기타학교,전라북도 전주시 덕진구 송천동1가283-1,35.8535934,127.1202525
기타학교,전라북도 전주시 덕진구 송천동1가283-1,35.8535934,127.1202525
기타학교,전라북도 전주시 덕진구 송천동1가283-1,35.8535934,127.1202525
병원,전라북도 전주시 덕진구 송천동1가292-7,35.8535028,127.1189549
기숙사,전라북도 전주시 덕진구 송천동1가364-1,35.855827,127.1224908
어린이집,전라북도 전주시 덕진구 송천동1가374-4,35.8553815,127.1208494
노인복지시설,전라북도 전주시 덕진구 송천동1가390-2,35.8565426,127.1212628
노유자시설,전라북도 전주시 덕진구 송천동1가390-2,35.8565426,127.1212628
영유아보육시설,전라북도 전주시 덕진구 송천동1가391-16,35.8559841,127.1210498
노인복지시설,전라북도 전주시 덕진구 송천동1가391-23,35.8558004,127.1210729
어린이집,전라북도 전주시 덕진구 송천동1가393-10,35.8568369,127.122431
중학교,전라북도 전주시 덕진구 송천동1가395-26,35.8580093,127.1227712
중학교,전라북도 전주시 덕진구 송천동1가395-26,35.8580093,127.1227712
중학교,전라북도 전주시 덕진구 송천동1가395-26,35.8580093,127.1227712
중학교,전라북도 전주시 덕진구 송천동1가395-26,35.8580093,127.1227712
중학교,전라북도 전주시 덕진구 송천동1가395-26,35.8580093,127.1227712
초등학교,전라북도 전주시 덕진구 송천동1가397,35.8576601,127.1197603
초등학교,전라북도 전주시 덕진구 송천동1가397,35.8576601,127.1197603
초등학교,전라북도 전주시 덕진구 송천동1가397,35.8576601,127.1197603
초등학교,전라북도 전주시 덕진구 송천동1가397,35.8576601,127.1197603
초등학교,전라북도 전주시 덕진구 송천동1가397,35.8576601,127.1197603
초등학교,전라북도 전주시 덕진구 송천동1가397,35.8576601,127.1197603
초등학교,전라북도 전주시 덕진구 송천동1가397,35.8576601,127.1197603
교육(연수)원,전라북도 전주시 덕진구 송천동1가459-1,35.8619365,127.1212066
노인복지시설,전라북도 전주시 덕진구 송천동1가459-44,35.8616172,127.1209212
병원,전라북도 전주시 덕진구 송천동1가474-2,35.8582061,127.1205935
초등학교,전라북도 전주시 덕진구 송천동1가602,35.8617831,127.1112555
초등학교,전라북도 전주시 덕진구 송천동1가602,35.8617831,127.1112555
초등학교,전라북도 전주시 덕진구 송천동1가602,35.8617831,127.1112555
기타아동관련시설,전라북도 전주시 덕진구 송천동1가616,35.8602299,127.1134186
위험물저장및처리시설,전라북도 전주시 덕진구 송천동1가632,35.8609874,127.1157907
노인복지시설,전라북도 전주시 덕진구 송천동1가742,35.8611784,127.1088286
초등학교,전라북도 전주시 덕진구 송천동1가842,35.8623372,127.1175838
위험물저장소,전라북도 전주시 덕진구 송천동2가41-51,35.8687841,127.1398259
액화석유가스충전소,전라북도 전주시 덕진구 송천동2가69-47,35.8697354,127.1374869
액화석유가스충전소,전라북도 전주시 덕진구 송천동2가69-47,35.8697354,127.1374869
액화석유가스충전소,전라북도 전주시 덕진구 송천동2가69-47,35.8697354,127.1374869
어린이집,전라북도 전주시 덕진구 송천동2가175-47,35.8676999,127.1299361
초등학교,전라북도 전주시 덕진구 송천동2가179-23,35.8659851,127.1306203
어린이집,전라북도 전주시 덕진구 송천동2가255-1,35.8681747,127.1229748
석유판매소,전라북도 전주시 덕진구 송천동2가333-10,35.8700749,127.1228797
한방병원,전라북도 전주시 덕진구 송천동2가540,35.8625404,127.113353
유치원,전라북도 전주시 덕진구 송천동2가556-9,35.8648946,127.1123878
영유아보육시설,전라북도 전주시 덕진구 송천동2가608-5,35.8688713,127.1130156
위험물저장소,전라북도 전주시 덕진구 송천동2가618-1,35.8701285,127.1166702
위험물저장소,전라북도 전주시 덕진구 송천동2가618-1,35.8701285,127.1166702
기타위험물저장처리시설,전라북도 전주시 덕진구 송천동2가664-9,35.8701752,127.1118772
기타위험물저장처리시설,전라북도 전주시 덕진구 송천동2가677-6,35.8722974,127.1141524
유치원,전라북도 전주시 덕진구 송천동2가681-5,35.8724116,127.1131334
어린이집,전라북도 전주시 덕진구 송천동2가700-39,35.8740842,127.1115279
액화석유가스충전소,전라북도 전주시 덕진구 송천동2가1202-2,35.8702414,127.1094945
액화석유가스충전소,전라북도 전주시 덕진구 송천동2가1202-2,35.8702414,127.1094945
초등학교,전라북도 전주시 덕진구 송천동2가1269,35.8692108,127.1266286
초등학교,전라북도 전주시 덕진구 송천동2가1269,35.8692108,127.1266286
노인복지시설,전라북도 전주시 덕진구 반월동234-12,35.8746041,127.0754354
사회복지시설,전라북도 전주시 덕진구 반월동342-2,35.870719,127.0699947
위험물저장및처리시설,전라북도 전주시 덕진구 반월동422-21,35.8741731,127.0726021
액화석유가스충전소,전라북도 전주시 덕진구 반월동612-1,35.8879766,127.0767264
액화석유가스충전소,전라북도 전주시 덕진구 반월동612-1,35.8879766,127.0767264
기타위험물저장처리시설,전라북도 전주시 덕진구 반월동726-1,35.8737825,127.0629204
요양병원,전라북도 전주시 덕진구 반월동849,35.8735509,127.0584338
노인복지시설,전라북도 전주시 덕진구 반월동853-2,35.8729953,127.0609087
노유자시설,전라북도 전주시 덕진구 화전동84-17,35.8923469,127.0657643
노인복지시설,전라북도 전주시 덕진구 화전동84-17,35.8923469,127.0657643
기타아동관련시설,전라북도 전주시 덕진구 용정동11841,35.8802137,127.053357
초등학교,전라북도 전주시 덕진구 용정동483,35.8769289,127.0516585
초등학교,전라북도 전주시 덕진구 용정동483,35.8769289,127.0516585
초등학교,전라북도 전주시 덕진구 용정동483,35.8769289,127.0516585
초등학교,전라북도 전주시 덕진구 용정동483,35.8769289,127.0516585
초등학교,전라북도 전주시 덕진구 용정동483,35.8769289,127.0516585
기타위험물저장처리시설,전라북도 전주시 덕진구 성덕동509-3,35.8767822,127.0319149
노인복지시설,전라북도 전주시 덕진구 성덕동550-3,35.8775572,127.0315666
발전소,전라북도 전주시 덕진구 원동43468,35.8601915,127.0371092
노인복지시설,전라북도 전주시 덕진구 원동201-20,35.8683751,127.037546
노인복지시설,전라북도 전주시 덕진구 원동352-3,35.8519205,127.0332003
노인복지시설,전라북도 전주시 덕진구 원동352-3,35.8519205,127.0332003
노인복지시설,전라북도 전주시 덕진구 원동615-6,35.873872,127.0274643
초등학교,전라북도 전주시 덕진구 동산동374-1,35.8637005,127.094642
기타학교,전라북도 전주시 덕진구 동산동374-1,35.8637005,127.094642
초등학교,전라북도 전주시 덕진구 동산동374-1,35.8637005,127.094642
사회복지시설,전라북도 전주시 덕진구 동산동567-20,35.8684818,127.078504
공장,전라북도 전주시 덕진구 동산동571-16,35.871559,127.0795912
영유아보육시설,전라북도 전주시 덕진구 동산동599-1,35.8709756,127.0808481
영유아보육시설,전라북도 전주시 덕진구 동산동599-1,35.8709756,127.0808481
영유아보육시설,전라북도 전주시 덕진구 동산동628-18,35.8711068,127.08116
노인복지시설,전라북도 전주시 덕진구 동산동654-2,35.8738298,127.0797654
고등학교,전라북도 전주시 덕진구 동산동685-1,35.8742473,127.0776831
고등학교,전라북도 전주시 덕진구 동산동685-1,35.8742473,127.0776831
고등학교,전라북도 전주시 덕진구 동산동685-1,35.8742473,127.0776831
고등학교,전라북도 전주시 덕진구 동산동685-1,35.8742473,127.0776831
중학교,전라북도 전주시 덕진구 동산동685-1,35.8742473,127.0776831
고등학교,전라북도 전주시 덕진구 동산동685-1,35.8742473,127.0776831
중학교,전라북도 전주시 덕진구 동산동685-1,35.8742473,127.0776831
고등학교,전라북도 전주시 덕진구 동산동685-1,35.8742473,127.0776831
영유아보육시설,전라북도 전주시 덕진구 동산동692-10,35.8727582,127.0783592
액화석유가스충전소,전라북도 전주시 덕진구 동산동750,35.8710201,127.0745059
액화석유가스충전소,전라북도 전주시 덕진구 동산동750,35.8710201,127.0745059
노인복지시설,전라북도 전주시 덕진구 고랑동581-7,35.8839743,127.0882147
기타위험물저장처리시설,전라북도 전주시 덕진구 고랑동609-43,35.8776851,127.078187
고등학교,전라북도 전주시 덕진구 고랑동721-1,35.8732471,127.0844176
영유아보육시설,전라북도 전주시 덕진구 고랑동726-1,35.8734419,127.0859723
어린이집,전라북도 전주시 덕진구 고랑동735,35.8742075,127.0846125
액화석유가스충전소,전라북도 전주시 덕진구 고랑동1080-4,35.8928172,127.0775132
액화석유가스충전소,전라북도 전주시 덕진구 고랑동1080-4,35.8928172,127.0775132
액화석유가스충전소,전라북도 전주시 덕진구 고랑동1080-4,35.8928172,127.0775132
유독물보관저장시설,전라북도 전주시 덕진구 여의동530-11,35.8566231,127.0785814
액화가스판매소,전라북도 전주시 덕진구 여의동539-28,35.8566877,127.081725
고등학교,전라북도 전주시 덕진구 여의동548-2,35.8634209,127.0742709
고등학교,전라북도 전주시 덕진구 여의동548-2,35.8634209,127.0742709
고등학교,전라북도 전주시 덕진구 여의동548-2,35.8634209,127.0742709
고등학교,전라북도 전주시 덕진구 여의동548-2,35.8634209,127.0742709
고등학교,전라북도 전주시 덕진구 여의동548-2,35.8634209,127.0742709
고등학교,전라북도 전주시 덕진구 여의동548-2,35.8634209,127.0742709
고등학교,전라북도 전주시 덕진구 여의동548-2,35.8634209,127.0742709
고등학교,전라북도 전주시 덕진구 여의동548-2,35.8634209,127.0742709
고등학교,전라북도 전주시 덕진구 여의동548-2,35.8634209,127.0742709
고등학교,전라북도 전주시 덕진구 여의동548-2,35.8634209,127.0742709
요양병원,전라북도 전주시 덕진구 여의동558-4,35.864471,127.0809808
액화가스판매소,전라북도 전주시 덕진구 여의동566-4,35.8656185,127.0786423
초등학교,전라북도 전주시 덕진구 여의동572-1,35.8696041,127.0759541
초등학교,전라북도 전주시 덕진구 여의동572-1,35.8696041,127.0759541
초등학교,전라북도 전주시 덕진구 여의동572-1,35.8696041,127.0759541
초등학교,전라북도 전주시 덕진구 여의동572-1,35.8696041,127.0759541
초등학교,전라북도 전주시 덕진구 여의동572-1,35.8696041,127.0759541
초등학교,전라북도 전주시 덕진구 여의동572-1,35.8696041,127.0759541
초등학교,전라북도 전주시 덕진구 여의동572-1,35.8696041,127.0759541
요양병원,전라북도 전주시 덕진구 여의동620,35.8700619,127.0732524
교육(연수)원,전라북도 전주시 덕진구 여의동691-1,35.8676516,127.0761451
기타위험물저장처리시설,전라북도 전주시 덕진구 여의동691-11,35.8664207,127.075949
유독물보관저장시설,전라북도 전주시 덕진구 여의동751,35.8607577,127.0771064
폐기물처리시설,전라북도 전주시 덕진구 여의동751-41,35.8591183,127.0809839
위험물저장소,전라북도 전주시 덕진구 여의동753-4,35.8614273,127.0778017
폐기물처리시설,전라북도 전주시 덕진구 여의동798-2,35.8553202,127.0771041
공장,전라북도 전주시 덕진구 여의동837,35.8519045,127.0794774
액화가스취급소,전라북도 전주시 덕진구 여의동855-4,35.8520408,127.0765775
노인복지시설,전라북도 전주시 덕진구 여의동986-1,35.849771,127.072428
노인복지시설,전라북도 전주시 덕진구 여의동986-1,35.849771,127.072428
노인복지시설,전라북도 전주시 덕진구 여의동1235-15,35.8708847,127.0733658
유치원,전라북도 전주시 덕진구 만성동13,35.8477059,127.0850987
기타병원,전라북도 전주시 덕진구 만성동135,35.8367069,127.0785583
노인복지시설,전라북도 전주시 덕진구 만성동194-6,35.8408224,127.0815149
노인복지시설,전라북도 전주시 덕진구 만성동582-3,35.8362447,127.0784641
노인복지시설,전라북도 전주시 덕진구 만성동582-3,35.8362447,127.0784641
위험물저장소,전라북도 전주시 덕진구 만성동770,35.8253157,127.0713381
노인복지시설,전라북도 전주시 덕진구 장동225-1,35.8466555,127.0597194
초등학교,전라북도 전주시 덕진구 장동258-2,35.8493373,127.0598848
초등학교,전라북도 전주시 덕진구 장동258-2,35.8493373,127.0598848
초등학교,전라북도 전주시 덕진구 장동258-2,35.8493373,127.0598848
기타학교,전라북도 전주시 덕진구 장동258-2,35.8493373,127.0598848
석유판매소,전라북도 전주시 덕진구 장동513-5,35.8526596,127.0671811
사회복지시설,전라북도 전주시 덕진구 장동603-5,35.8539547,127.0653171
기타의료시설,전라북도 전주시 덕진구 장동603-5,35.8539547,127.0653171
기타의료시설,전라북도 전주시 덕진구 장동603-5,35.8539547,127.0653171
액화석유가스충전소,전라북도 전주시 덕진구 장동702-4,35.8645597,127.0616682
액화석유가스충전소,전라북도 전주시 덕진구 장동702-4,35.8645597,127.0616682
액화석유가스충전소,전라북도 전주시 덕진구 장동702-4,35.8645597,127.0616682
노인복지시설,전라북도 전주시 덕진구 장동974-16,35.8661605,127.0486233
노인복지시설,전라북도 전주시 덕진구 장동974-16,35.8661605,127.0486233
기타위험물저장처리시설,전라북도 전주시 덕진구 팔복동4가160-2,35.8654799,127.1000663
공장,전라북도 전주시 덕진구 팔복동4가166-11,35.8664229,127.1003512
기타위험물저장처리시설,전라북도 전주시 덕진구 팔복동4가205-7,35.8624638,127.1037597
유해공장,전라북도 전주시 덕진구 팔복동4가215-64,35.8619594,127.1052557
공장,전라북도 전주시 덕진구 팔복동4가215-64,35.8619594,127.1052557
기타노유자시설,전라북도 전주시 덕진구 팔복동4가218-13,35.8620105,127.1042553
공장,전라북도 전주시 덕진구 팔복동4가249-3,35.8643766,127.0981355
기타위험물저장처리시설,전라북도 전주시 덕진구 팔복동4가999-47,35.870138,127.0997334
노인복지시설,전라북도 전주시 덕진구 도도동29281,35.8807347,127.0124553
기타학교,전라북도 전주시 덕진구 강흥동124-2,35.8916178,127.0183132
보건소,전라북도 전주시 덕진구 강흥동124-10,35.8920922,127.0177946
기타노유자시설,전라북도 전주시 덕진구 강흥동555-4,35.8901572,127.0021658
노인복지시설,전라북도 전주시 덕진구 도덕동203-3,35.8915691,127.0250549
노유자시설,전라북도 전주시 덕진구 도덕동215-2,35.8922341,127.0247067
석유판매소,전라북도 전주시 덕진구 도덕동234-2,35.8920369,127.0257192
기타위험물저장처리시설,전라북도 전주시 덕진구 도덕동234-2,35.8920369,127.0257192
보건소,전라북도 전주시 덕진구 도덕동442-7,35.8915529,127.0200685
